ProductID,Mean Rating
bab76b2f3e01ef5fd9404e7e1eaa1613,4.722222222222222
dfe151b3496d6a7b14ae4d5d7ee23b86,4.7
00f27dcae06c85d8937a0f16247d845a,4.666666666666667
300ad08f7965714cbe4463135a768820,4.647058823529412
6bd2ea0ac5cad36d994655d38945a46b,4.619047619047619
07eb539ae0114c02bb525331812d1fb6,4.611111111111111
d2a05f0941aec4bbacc29269002b27a4,4.611111111111111
2628897f740ee32119bbf45c55602214,4.608695652173913
96f74ac891b2852f823e7d7003547075,4.588235294117647
03f1160873bab025e3cabb44e2aeea04,4.571428571428571
07ef8c612a2b1da67d7ab4d0549fbead,4.5625
57b30680ac4141f81e8ce4d1eeef36ec,4.555555555555555
2d90fbb9f398c630bcd2134ef55bcce6,4.538461538461538
78fa4cf1f19b1a30dc79d736951b8e93,4.529411764705882
ed5970ff373854e4027d8ccbf5bbc3e5,4.526315789473684
46406a89f8248f4f8486db2ec0529a57,4.5
0033ffd238a2e10d4862e1c85e9d6cb1,4.5
75be2f93b36206b79b515ca8b396c1a4,4.5
0c152814ff191252348d05c9f0aee902,4.478260869565218
77819cd2babbbda8a95e770473ff15dc,4.476190476190476
403862c8b44948caab7ecc29341ac74c,4.470588235294118
59305f5cf2aeb293ea3e36892f674341,4.461538461538462
c2c872ee8d85b4883cb1610d298d122a,4.461538461538462
b2fd1836004619c4528db1f85e135a18,4.454545454545454
b558c1dc92dca19add2201cd7a2e5f59,4.45
97cfd459114f31ff6dbbb558170a1d67,4.448275862068965
66d578dada5e2ebf14e873a2f1f7ea01,4.44
8b6446ff26fd5c79a65597ad8144a2cc,4.434782608695652
45443d6a17cce92014b3b413540d9c5a,4.428571428571429
1a65597ec1dc00389f473563e9e423e1,4.428571428571429
dfd178e76bbddf27836f0e823e1980aa,4.428571428571429
6ee41604d2977cb29b7afac2fc0c6b3d,4.428571428571429
0660743de07d9ba8bb022409ebc7eada,4.416666666666667
f2475f638319d1b2e070b9dae4714699,4.416666666666667
8e07dbe3156348ffc2fdbc916efac732,4.416666666666667
fb2d03373d5476bc1385865157595fd1,4.407407407407407
ba3b347bfdcd3a75b23bddf263009f18,4.4
1ade4eb4d4795adccab95886ab5f7e80,4.4
6a885786fa80e90b81f64afc714a9f89,4.391304347826087
7124d56e1624c5fa14bec3bfd50979fc,4.388888888888889
e8fdf2292ea98e8203c848b969152b74,4.388888888888889
aaaab8bc0ccebb41bea45c1c3ceb63cd,4.388888888888889
50c6abefecf1e207d8bf136134950bf2,4.384615384615385
45bf962e68246732f8303fa9e033258d,4.384615384615385
6f97230be141e4648525cc272e0650d8,4.384615384615385
51c787adda22f91c1b958d155bcdff97,4.380952380952381
06d623034fec870f80219bc582dace4b,4.380952380952381
da3ade8140d4c4f363136c9c74a2dff7,4.375
3a94be9982c13c83c81ba1214b1bc8a7,4.375
67b968caf4656d8f31ae89060dd8283c,4.363636363636363
6dea8a464cf594e85f21581ab1a2cf81,4.363636363636363
3547151e525178d6f20d649096f3b4f4,4.36
1ae7866bd43c339cabe81e51beacc47a,4.35
5e11decb15bf82a20558749bd5b0f17c,4.35
d07a67d9d61b612c1a3c28f55c83e064,4.35
5afead023250cd55414904d67647ee79,4.3478260869565215
d8f7503b71c84b9b422f56b4e1fb9539,4.3478260869565215
f24f3d408757d0af6dbc27698d70a00b,4.3478260869565215
5f95c3f4d0819b208439a76c87b37119,4.333333333333333
80990626a2070ca297a517c6e3ebd239,4.333333333333333
5aaac32fb2e14a5465fe54c40f07ef48,4.333333333333333
7900e172de41df3fadfbe915b66deec9,4.333333333333333
38741407fd7fcac6b2cfeb19755381d4,4.333333333333333
63fcddf8aa75aeb353a75f019050b67f,4.333333333333333
40efb3983bf442fec6737861ca9de308,4.333333333333333
6c293f7b4b5cb6d3c6e3abdce96e0144,4.333333333333333
e927c45de5062f36b5153f52e9511ffc,4.321428571428571
881ccbabc3988466085f8033a325a1d3,4.321428571428571
7a00ba1f123ee99476f81f6148adb7af,4.321428571428571
c57b9e71920dc531db2b87fdbee6b0f8,4.32
31ab3f482079a32995b2e03b4c37fb0f,4.32
4b2ec023600374ad51f3f0ec8e8ecfcf,4.318181818181818
dbfa21957f7276cf6a53e64ebcaeaccd,4.315789473684211
f361001d7ebfae4b97bc4367dc4dfa2f,4.315789473684211
381229d02abf4c27e04f64c69c070ede,4.3076923076923075
583182325627a541c307f74fd54adaac,4.304347826086956
f7bdd71b27799a32d73c14a6fe5ef922,4.304347826086956
d853ab521e5f0e20f9cd825618c75ffc,4.304347826086956
dc031f51caaa18f7ce673fb01c97a8ae,4.3
5c517865f606db4cf29fa32d84a26455,4.296296296296297
c1c6bde3bcc25ed53abbe431eb9c6ed9,4.294117647058823
addd330d106d2294c407e0fec78edec2,4.291666666666667
1b0fb7db39edfb27c3ecabdba2deaa49,4.291666666666667
bc6c2ab8d086c9ac76c5c61e6efb48d9,4.291666666666667
298501034909564e0a124ff64a94a747,4.290322580645161
f55e7b0466d5336ea0a0720e6126b8dc,4.285714285714286
ce1ca87fb4174657de66e317a63b11be,4.28
75e0fa2648df350cc8da1106bf60dc3c,4.277777777777778
57f68cfbae1619e10332b6152c868cfe,4.277777777777778
2f7f408eb6e82fab669b6e821bc9f413,4.2727272727272725
24ad618c6e0a58a4a37d36ac77d4eb2a,4.2727272727272725
e91d4866d4b2e03a629dbadcd9d64c83,4.269230769230769
a1005911e3967b44a568f0295f3bf19d,4.269230769230769
0a10c9b14c37d4c8961fda33daf1a96a,4.269230769230769
539690fbd153c9bb44123f20cc30e988,4.269230769230769
009e9126f2412e6d3af461bed360c5de,4.266666666666667
2a285102d268c0a5b776f9220138c75f,4.266666666666667
801de6595f3ff8b334523092ae257c05,4.2592592592592595
b52a892c8f13535ee15a3f65f2f5d31b,4.2592592592592595
9003e0ef465ac384378393445957f8f6,4.25
7cf389096cb1b752f26810aef8f70a44,4.25
8a6e13880f3a775182f848fdbe28f07f,4.25
4ede964c8041423be276226e7fc2254e,4.25
0f3e0023ca0eafb594a05159c209c66a,4.25
4334f085f5aa3511c61db79339ba5eb7,4.25
0ed07c8ef31afe25aff2db7bd3abc775,4.25
6265a78f3c74d13fd4ad7447135c06ca,4.25
9353d282b3a7b8eb45176f1812c6d90d,4.25
aadeb541ee053ad2dee2d0a1147f2a4b,4.24
dce0b084557d1546a7bb4de8d67e767b,4.24
a4140858d2acaf41893f8155f75aac1e,4.238095238095238
ba64aab7f279978764b7e4603112a862,4.238095238095238
387797e16c5f2073c9b0b19a5fd18656,4.238095238095238
464580760f4485a10c2d5e9d7ba15f11,4.238095238095238
7301d750465127bf0126b392a3f12f5e,4.235294117647059
40e05280e6e53e1dcbdb9a461b410f36,4.235294117647059
d6eba815a2c0e8b7002f8cfb50210bc4,4.235294117647059
b75d3b60c5c543b90ee4d6b1eda53d6a,4.235294117647059
20eb7d47f3388c6b454acd5bfb038a3a,4.230769230769231
3602e40d233f1cf261e34d7a231dbe01,4.230769230769231
673fedb429359142dfc6eaf7f31364d2,4.230769230769231
d474b58455ad99f29b305cf29fc929f9,4.2272727272727275
82e6a8e8e9afeca9c57a35b88386ed51,4.2272727272727275
4c5ac2345e7c02c2fb90c035530b7f18,4.2272727272727275
d10d7e21121fc16441e4a77252b0638a,4.222222222222222
7e8ed38a4a69092bbdd7ca5478839342,4.222222222222222
1c8a94a99c946e290042c57c8fe0fe5c,4.222222222222222
3c80ee599a495969974d1e2ab8f47eab,4.222222222222222
66026adc187ec69477dac96ef109a562,4.222222222222222
b6702199a4e2f0d148a802ef57acb451,4.217391304347826
4dff3ea8d9bc9eaed2fe14393960ae6a,4.214285714285714
da7c293350848b316547ab9e700de43b,4.2105263157894735
75daf3980483c3107a123ff4fc3746bb,4.208333333333333
c698961a1ff6c7cae93eb443baf01557,4.208333333333333
0c7e37e29d826e9bfb7469bf10ce25d1,4.208333333333333
9966e93718ce600665e62a59a2f8e5b4,4.208333333333333
6286d9184c1918e930409a910d421cf3,4.208333333333333
eb969cd707475c151635e0603e0b3ec1,4.2
ee81c476ff2c710484be35674ef9fd43,4.2
9d2a053b3d5d52be697dcaa2234a96ca,4.2
f26809db04907e7b6c8eb62095a2cd20,4.2
6ce9528f8b17aac8e144b1a5ce6cb0d6,4.2
8e09bc162f393b6e5c0a44cea97d800a,4.2
8acdfb6db690b258ce839c2da577f731,4.2
511bd2ae9c2eb3bc728475cf31cce80c,4.2
21d4a905494e716bf4f757abec3e58a2,4.2
033dae93d55c6501daa5fb5d415931e6,4.2
a7f3462e6eed46aa6b0ff1f96544c2c3,4.2
65d1112cad0396df441c43582e8324ab,4.2
76fe7274d70795c2c3997274c30e60b6,4.2
5f6906cccae5d18aa1709be51f16368e,4.2
7f3053a3a0e5d164b2c8bcb993142586,4.2
66f7694a370660f007e24d055b964c55,4.193548387096774
7f60d2e3247fc32ee394d6fa3d064c0d,4.1923076923076925
80b838880cf8e242d080a80e6bf2a750,4.190476190476191
ff88e23a0e48509328dec6aea5cd1b43,4.1875
5eff1cf5bd38bbd07b78d9f841e44e27,4.1875
7fb7d0977b099758c65ab8d10bf5f0d9,4.1875
84d9392a86bbae39927a2350ce740cd9,4.185185185185185
f63828c8822b2644350eef938f890948,4.185185185185185
e0dfb1315c952f79aa9942cced1696d1,4.181818181818182
5721a41b03177b56a0e06f94b22b5dce,4.181818181818182
db6a042632ebc6e5d375afe6660020df,4.176470588235294
6a642f646418cd842dd58731e74bcf1c,4.176470588235294
daea24c8777cfd6969e48fa0eed4a377,4.173913043478261
bb4704ab42b25ee58c72937f113ec90d,4.172413793103448
51db9fd7cc2bc934e2394c5e101206b9,4.172413793103448
ad95d23cb34579f8c53fe7f894825eaf,4.172413793103448
84fb01610d1b95dfb7b2dd1d5453b3a5,4.166666666666667
678071042c70a1930fa6f952a7a948f8,4.166666666666667
c1a0f330b141e9f1695b7878c3efbd83,4.166666666666667
238737aec5ee0142b93e6bb2f6b2bd0e,4.166666666666667
4e4e6100521f4d84eb53b21b90e30a1a,4.166666666666667
4453bcf36cc819377715958fd9bba6b1,4.161290322580645
33a4b9a0cce98c61c9544b9f9735f259,4.16
fe20ea7fff9ad479c17534c2a53a3b00,4.16
94b0420b2bdbcdcb704c50d25ad39083,4.157894736842105
e3719562f74b9856cea149e22476e8eb,4.157894736842105
7fa2bc816883ef2c0d31be713f37c2c9,4.15625
c7f1a72cd22e6378493e973bcf0ca876,4.153846153846154
76fa2c74f3f9e461b6d38e17e14b6915,4.153846153846154
dd5c8c8578d224a1569c42ac88f29203,4.153846153846154
1388cb4afb879e01379b7ad4ba9c02b5,4.15
0677c7fe6a579e74ea74d5af72d4e81a,4.15
6e4884d81385caf0af0987a12f6593d8,4.15
808e07185d9c9d9839155ae4c780c665,4.15
f1038975473c88879f8c4e0ee68980f8,4.148148148148148
067c8a21172c06c08babd0e7b37134a9,4.142857142857143
7203906bab2b02b3722004587a329031,4.142857142857143
f832e693e07b0a252928c7920a2842fd,4.142857142857143
b86a84c0ca40c478498421d0af575834,4.142857142857143
8dd574bdd55372c6a748979f74e072d0,4.142857142857143
9f8be3ede86e04be9e1c18b95241326f,4.142857142857143
6c98ce1a3e6044c155c8658d22fb436a,4.142857142857143
ed4e589fae04550e130a0afa906919a7,4.142857142857143
6d07fd7991c94602ba7fb759d1058768,4.142857142857143
9bc0cff21611818f4a8c94b84c809437,4.137931034482759
ef0d5712afdac56c9e5e8844d5a77129,4.136363636363637
66b3f8495811c4f40de8fc7db202e29f,4.136363636363637
d6df7a99b1eb366854cbbb240546d8dc,4.133333333333334
84affd629a9c91f2040e523dcc8cf0c3,4.133333333333334
2f56f655a34d3efb7940dcd1ba3b836b,4.133333333333334
02a8ecdc58c537f77385ce77af2ae26d,4.130434782608695
ddffc250d68f5dd46c5ce7071d7bd991,4.130434782608695
b2322fcf5b939d72988ada3155118dcf,4.130434782608695
71fb2be79356c18d52cef4dfdaaf8f81,4.125
02563a961aad20806dc6d5492fce2b36,4.125
ab4c57e7260be7381285187ea3f9deb4,4.125
807b6ea8e3fcf2de48b31a2c8c20848e,4.125
0eea3adb8ef4dfb9f856bdad90907a4d,4.125
bb206d226ac1edb9f9a1c7aa4771623a,4.125
c2ee0904f20aa9fdb98a4d8c71161f67,4.121212121212121
5aae32d7849d444fded0ae124092f5dc,4.12
7b34e24d6ebf2a751ac3312eed60070d,4.12
7e80cedb3d6e4b55032f7a0875efa8bc,4.12
a494e9427654a5a23a31a6f8d74eb536,4.12
a6d2d2ace96fef50ad313f3abfa97471,4.12
fda2835b215b64cf86370af66ee25a37,4.117647058823529
e28fc317a1f5e70659cfe0fc44d94cf3,4.117647058823529
100d22c3d233bb4366412cc797b4ec6d,4.115384615384615
9f0ea6f74270701a7f92b6de87d56036,4.115384615384615
c8b81a97cc6765f2cd967a65be7b4ba3,4.115384615384615
f1413601e54fbd54cc8ee8d4ee53c246,4.115384615384615
4b43a9138c9763f75a8c46c39e0f3b94,4.111111111111111
da2e095998772a3b3698871afc445688,4.111111111111111
56f3d1cd1c3b4f924948211ff2b34cfc,4.111111111111111
9f3f29c5505093fe6fc82cbf1e8bb030,4.111111111111111
2c576d2feda330e095e96be611ca65ac,4.107142857142857
c11326289c8934862410ac3807d89cb4,4.105263157894737
06c7191e3b20296856476182f5995a3b,4.105263157894737
83e0cbdad4e586713f0bb6d550e3525f,4.105263157894737
68bc60293810c62f25d20021295b5b22,4.103448275862069
7c686cf099d2ecc68714f96aeb1f0a88,4.103448275862069
a266472300ce50283da454f75328f274,4.103448275862069
f57b94114524d4178e6858a1d50f267d,4.103448275862069
6fd18247434248ba55d243e26111c5a5,4.1
d246f2d036c6358fe45ea1a4395fe08d,4.1
15f3f6fc2b0d2a8424b9729eb4ffaba2,4.096774193548387
37a798f0eadeecdf522b25f413f38afa,4.095238095238095
d20948df8fb7e6739cc71b6b8c793f9f,4.095238095238095
1fee00c08752a6b98f50048ecb7420f4,4.095238095238095
614cdf3c2429f94b11514b8ac1d6dbd4,4.095238095238095
d28dfbb13cf9605f1db1f1d3ee2dc4c8,4.095238095238095
5d68239b9d4ebed1c8dd6d62fd96bb79,4.095238095238095
9cf299a75cc822e71f49f08d62d9d6be,4.090909090909091
befc0a40a709367cf64cbfcc277bfe32,4.090909090909091
d71c57c4e771820b0d841ce34ca21f5c,4.090909090909091
b3026f12ea31a43c51818fe12e6c6d33,4.090909090909091
dbb0e5594af6ad683c156069675734cf,4.086956521739131
781ab70200aeda56f84600a386a02f26,4.086956521739131
254112ba46c637b8109679773c85e750,4.086956521739131
9a084c764738511f037516c5c65cdde1,4.086956521739131
f806c23ba5f1cda276a9311a00c22575,4.086956521739131
16968ee7c61421a9daa665bfed3c9b1c,4.086956521739131
8a935ecb48df099d3223fff3fa2aa6bf,4.086956521739131
6a230cc6a4edd919f7e86263f0008aa1,4.083333333333333
09c3a92241c154c9bf924035d45e8f90,4.083333333333333
3b171abd283ed2f9c3f7e4a258524d8a,4.083333333333333
677dd19c1154d8115d2c9b3918965de2,4.08
db00cf7644d4cae612694d369c432bac,4.08
709379409823f9e899ee06c0c270e5a5,4.08
5e80394083725c0b84b9459463ba6383,4.08
179d1e5d2e06d95f4bc1a59f06b6e7c5,4.076923076923077
068fc0cadfb1fca14afab35171053253,4.076923076923077
f4c1eb3145fbc79d8798b4cc7a5a7d67,4.074074074074074
6533007544baeae2ee6924f88c1dca20,4.074074074074074
53cd1157eb532a053fbadf8e135be196,4.071428571428571
272c0d1bea3f2632d4fe78197a123e5e,4.071428571428571
c288cf1d99193dac6647ce9960915cdd,4.071428571428571
61191c5daf5aec77701ad0bbafd06484,4.071428571428571
41ec0dfb52ee7a4fd60d355e9e379ad5,4.068965517241379
6bda87675b55bc97bb5836faaa3b4f17,4.066666666666666
db854df2e106fae191d305faf8da0834,4.066666666666666
b039fa51609e93be2aeef60166b921ab,4.066666666666666
b79cc325a7f937b4ad631cc05ab38ce5,4.0625
94d6f23b7fc03ba05cdfa2614d2b071a,4.0625
a53e7035e2c342b0ae76b308e139ae53,4.0625
93af460dd787bb00a5552830768a4020,4.0606060606060606
4fbddbaa552a91954db4fea2b875d0f4,4.0588235294117645
0fddfee730712350514e5073c5fdc4e5,4.055555555555555
a060000be3e38bed3637ceead3b1081b,4.055555555555555
7157e24c6b70d83d7bb1eb9c44a5ad32,4.052631578947368
9b5078f388b60516b0b13841a453478d,4.052631578947368
6c7cee805735772d45f20b954eb11faf,4.052631578947368
aa45baea3daab4b1e9bdbbaaee838b62,4.052631578947368
5a2466bd1c4220b08efa01e06d25ec7c,4.05
a35bba66e8c07d33e420881da830fd97,4.05
bb3c7211236bde386d796076dea47fb1,4.05
595f2665eae64929424ef12583e58ef5,4.05
00e91cd015a9a12ff723cc7447145219,4.05
9ef49286f33d7a0d1531cf2c82fc25b1,4.05
15d8897ff049524e4d7e4ea637946077,4.05
c7cbb303406afab9bfaa2d90126d043f,4.05
9b24d50aadcbdfa2c897c47f8acc2168,4.05
31a4c9479444e19a1ee1eef18206c040,4.0476190476190474
d510102b88a45997bf06c1f321d91e03,4.0476190476190474
2c75f0541fd2594113401e1582296393,4.0476190476190474
14e2aa32817cd1676c847e095c86c8fb,4.0476190476190474
23979b85afdfbc183032a5970d4a728e,4.045454545454546
56fd5f74ca6e8185b36b4971126d055f,4.045454545454546
cd7cbdcdcf30421856263e3917ed282e,4.045454545454546
9ffaf6e34bf3f1fe4ed159f590194bff,4.045454545454546
6e9c853816c568a19e90f9ceffd91f1a,4.045454545454546
fb37a8c522e99a42aa680d86e1779bc1,4.043478260869565
daa23b4432b6a4ab6ba4dfc03c83a1d5,4.043478260869565
eedb108564fe9654c2a28b694c8c2cac,4.043478260869565
ff9648f7a7a647b28f72262e1283694f,4.043478260869565
b88ce18ba3ac9cfb2cb19ed3fe2d5e14,4.043478260869565
83fbfda490a8026c702f807015f7cffa,4.041666666666667
216bd0d96e5c133013402e0453c5fba3,4.04
f29f5d22243d081c66324d9d42fbd436,4.038461538461538
4459e0fc4765204fc5f8354813939f28,4.038461538461538
4067208169f8fa5a0a91a38cc5451b42,4.038461538461538
670e4ef310dba134fa9d3045234ee899,4.038461538461538
9fda1302df97ed22baaf034ff303eb8b,4.037037037037037
bdd5b604ad3e2d29e3ec0d925c60c950,4.037037037037037
cacd72080b5dd17d2b4c39b72b111fd9,4.035714285714286
054f43c2c00034015fd685adcc483c29,4.0344827586206895
da01dbb87ca731f268e733ac6d61d398,4.0344827586206895
773e572bb1e5e8adaee559f9dc6606ef,4.0344827586206895
b71d1199b21cd9cfe7ec8416c131ec9d,4.0344827586206895
f8bd7e7b005d79334dd064b0ec230c0c,4.033333333333333
6101f3713fa7275a344444b3e3793907,4.032258064516129
913774e8fbd1ee5263b38a904cb49b1d,4.03125
8c39f2e6e78466c53b1131f37dd3c0bf,4.0285714285714285
21965edb5896044655924a8efd99b284,4.027777777777778
ddf534ce231984a6ef9be1617902586a,4.0
c7dff1ec81d1f9805e8325b27d63107b,4.0
feb6062fb42fe67e656eea1133a60f14,4.0
cf6871d449b15c9934d5dad2ea112364,4.0
c67ce4f855a890678c1d4f6f6d6a024b,4.0
6e12d91a5deb035d5dc08158ad79caf0,4.0
07bfa5b70acbdc422a71b6241fd7da38,4.0
76028cd0cdd9f45b8f7fd6784acd0486,4.0
0a26102ae78c26c36caf3d1ca820d25c,4.0
c01d3abf7ccb7b8baf243e15c27cd1f2,4.0
c9443a8281ae04046a583afb4b0778b7,4.0
fb8b68855403b004a4e16ff0b84733c0,4.0
fd697ed7c5c2807670082edccdde0234,4.0
0ea33dd78a0ff3c1b03d4a4707f917ea,4.0
c3d5399a66445d458830b79aa7ca7252,4.0
e3bf68b68a7370cffa691f8911972da7,4.0
13b2f41f647bca673b8c924ce5a2a555,4.0
a60d7bc93e20104e7e052e8cf8e18290,4.0
2c7791683c5fa0c05c8aa124f05a18c2,4.0
2e93eec26f51bd0b940bf5dc7b0bccb3,4.0
9ba3bc73b07c58738ada9929056ae7c4,4.0
34a693121eb1a6cac81799c5aeb17167,4.0
34eac52784ecea3140a72f8f936aeeff,4.0
85ee28f545f5b1e854f2b1381d603a61,4.0
4698b17c79b7248c19f6b0a6b6547076,4.0
947998bb057307fa12c44b5c12e3cfb7,4.0
3934ee1af754aa5657baaf08046dd7fb,4.0
4566cabb0714a5e5c9ffd470bb267f08,4.0
439d2e8da608671ebdf023782b2032ea,4.0
8f8c1b936266470be38b49ae55c15efb,4.0
8eb97edd89e4f79d26d1e6db23b5be50,4.0
8a740f919d004f1ef986c7d67ad23a48,4.0
3ec8bb4dce12d08ef15f890bdb9feb14,4.0
29fa0638ad686692f573b301df82c5df,4.0
4fa5d7a8521ed8978ff5425ed7f8af32,4.0
f96a52eff9f1883252a9634557b4ff66,4.0
b3a7b70b58962fd3d5cdf0a3876bbd88,4.0
b08956c47c023efdbc5be68d73ac6b2c,4.0
794f6ebeecbc0d207628a3dcfbd14017,4.0
ae18ae4f3ec81f03fe5f8ed0e5366ea8,4.0
1e215c42f3ace33aef9b576c87ec93ea,4.0
3ee8956858941013940431e6831f5217,4.0
ad48c2a721c1990c7ee3b1424a8dfb77,3.9714285714285715
3f75ff068fefa22138c0c7a143844d18,3.9696969696969697
9a80296cf66e9e17de202878ee15f0a5,3.966666666666667
0ae875cad9cd9006d2141100cc77352e,3.9655172413793105
156e4090e8fea907f6b0bc14d4fafce4,3.9655172413793105
11fcef89302d325980b2913a22d16534,3.9655172413793105
dd4a1902c3e04d2038f804370872f047,3.9655172413793105
a65452dd5a0b789c1e98277b9a5f1614,3.9655172413793105
6178e15cc82a2427e8d08ad9bb9143e9,3.9642857142857144
7d9cd52dd48f118ce65bb4bf7936a406,3.9642857142857144
f05d58b9ee32f47b4fcc662ddc56297b,3.962962962962963
1d5600c471bd33bd46725640ba8af519,3.962962962962963
da5b2bd0bfa2f6a6278e4c7cdc4a4851,3.962962962962963
6075b5b35e5965888f243cd7dcfcf58d,3.9615384615384617
613359d3325a2bce2a28115203211154,3.9615384615384617
fe9148f7020ccdf20e9e69216d5c50bd,3.9615384615384617
f40e93c85a72aa4f0e7cbd25480ec7a7,3.9615384615384617
39cfc723c10e4f71101aa3118871b455,3.9615384615384617
a49937ecad13f3a9caa22514ff0c8d34,3.9615384615384617
3a6468601dcafc638a2c5aeba6b1ab41,3.9615384615384617
e38a523ff5992520395d9e589a1d432e,3.96
c4e592daef2475efb11f7e363f992835,3.96
d4d0ea31d903e45d15b7b7bf2460f0e1,3.9583333333333335
d44b70145a7a90b5075e31978e8d96d7,3.9583333333333335
c5a9f3191310c7033db1a44fbca9b6db,3.9583333333333335
9e53b1e47ab7b94dc7c8a504ec0dfe78,3.9583333333333335
86323b800d1c4328d6878b04508efcab,3.9583333333333335
c9235469acad14dd744cb495855a4109,3.9583333333333335
df68a1e9d479eebb2a15619ef6e4229e,3.9583333333333335
ac564c2a283f8709a3c39eebeba090d2,3.9565217391304346
e9d6aacbd3e5019dd6e109209f05ffa1,3.9565217391304346
bfe8bb9e9a60f639c11b8d2a770189c1,3.9565217391304346
f69bccaedcc1a87e19dd9f3568e10fc7,3.9565217391304346
513aac886bd7d693e09af2b7f1d0961c,3.9565217391304346
28d9ac3098fd99497f044bf66243f346,3.9565217391304346
02ffcc813c9f72016c1d753aeb6ef5a2,3.9545454545454546
8eabf7dac2f66c468f127c91247e9d67,3.9545454545454546
66afd7944dba7200647ad3c6eac9ac4a,3.9545454545454546
b12bdd75e0768fcc9884e224def522fd,3.9545454545454546
6adf07a4bbd7f97bfbe0816593c22338,3.9545454545454546
2c8e16deb4fc7512b0a9f1e5aff653a6,3.9545454545454546
fc1f8db11277af7eaec3ca4ccc1c2455,3.9523809523809526
1a2ca9b3cd067261dd5c9a15baef80e6,3.9523809523809526
a94509e9ee5b9aac05ea83790dcfeac7,3.9523809523809526
ae8f85c78cdfadd7c3fb88883816b41c,3.95
bcf11c2b68f37dc2fcd2aa1a3c45bbd5,3.95
ce1b8f6e691606cb735db2e28c58a7e6,3.95
a28167403d455511ad0585ece75675af,3.95
94d8de34dc43d85b573564b85ed00080,3.9473684210526314
c7efa90995f2de11367a5f2d85cacdcc,3.9473684210526314
5262ef543c292b372ed01dac8ebc550c,3.9473684210526314
116d3fec52f55249c6417c6a19458b8c,3.9473684210526314
59c9ef7b5dd37cba071f8a1e1fd7f780,3.9444444444444446
1b83e8cdb3a0c0fbefa5682dcfd4ac88,3.9444444444444446
0c6cd0a8cc3bc1d47b02bfa5afaff345,3.9444444444444446
165be054f24a33110a88903b8cd3570d,3.9444444444444446
e6fbffe6dcf0f2103bc50f9bd61d0af4,3.9411764705882355
6c9f0bb9ed1ffd328a2801ea679bbc2b,3.9411764705882355
306b04a02c5b4a6289ecb68b2a47f51d,3.9411764705882355
7ba67885be70e1b9af78027fd9366592,3.9411764705882355
af20584412a57f3573dcbbd04d919afb,3.9411764705882355
8817e287b1b23bc9137ab32790ba8586,3.9393939393939394
35cbe2878f77e6ffdbcba89a8d96b71b,3.9375
df89f4324ef37b9aeb948f53947a020e,3.9375
57f742115db9f49785e9f1db646f5564,3.935483870967742
5c40bd834517f085c342242f3ce8c96b,3.933333333333333
c7c7ca7c4ed7da569502ac4aa1b6da3b,3.933333333333333
8bc6645a426503b35443e03a8ee2ff70,3.9285714285714284
b1236fb546875c0613a01581784e3319,3.9285714285714284
a07eafc3a4437d51de2624e62175fc02,3.925925925925926
4b87f78ad69f10a31a4c383fa03f9908,3.925925925925926
09d6d71c4c90d556a056139d8ee93434,3.925925925925926
0ac692662818db7ca52f30a2858c36c2,3.925925925925926
16c414a9e4eec7a49379a50b93b5d797,3.923076923076923
a399756df949ce6e4ce6c63cf648008f,3.923076923076923
333ac6861633a930c9f70eb175c8ab54,3.923076923076923
72f2e98196590b7cb211cb80340b8aa7,3.923076923076923
030e95dc3b72008a48f3bd38dc3033d6,3.923076923076923
a4e466c47d3c5b804a3c2d6793320b33,3.92
dd2506f8e65d8e8a59801c3eeb562c46,3.92
b3d8967189ccc81b92df7a75aeb0dec9,3.92
72ae7f935104b2aba217161a8edbbd5e,3.92
a4f56ce2cc017d3d9bd31c01d2ca3eaf,3.92
c8bf64d72402cfc0d0d4b179a23030be,3.92
08340477730335673c3ff632838cd683,3.9166666666666665
c2fb2cada35c0f4075121d6308c32041,3.9166666666666665
62f096a2362e9701bd4c5d9bd9ee3a1e,3.9166666666666665
861de9966578d578f2298907cc69a2d4,3.9166666666666665
b5ef4fdfc0c1dc8e2b6e88716bc6b1f2,3.9166666666666665
48f538299eb5a8c970c15e94df8343da,3.9130434782608696
9490bbdf4ebe64debd78d0b72d2fcb91,3.9130434782608696
2c7b8d1b16982fca8841f849533351d9,3.9130434782608696
e94af0610da665b4d38532014bde8894,3.909090909090909
38abb124263944247d86a1d49cd9a369,3.909090909090909
fe053909e0e529090ce6a2fed54553b0,3.909090909090909
3a0a7b9818a5995ea1223532e51e7e6d,3.909090909090909
6973b91e58914f6d45cd7dcb5b51452e,3.909090909090909
277900a2ed34038115062a3479c93424,3.90625
c6bfb1fe2629e9350bab0f7250683f44,3.9047619047619047
ee9a1675a15d8f0f715ceea011fe2e17,3.9047619047619047
b64b7921f45b3b105bcbf2fb6c49e289,3.903225806451613
694d2ea005733b988be614ddf0564110,3.903225806451613
920badf36d1a69d0eb57dad05235db22,3.9
e62561ec1ae43bb5fdc16aaf737a584f,3.9
d0ef6fa4963199267ae0e5283558a2da,3.9
ca5a05aa68fe231cbfe5f4775e8ad4f5,3.896551724137931
73baa7a18f8d5c0d9b38a8117f393472,3.896551724137931
4eafe0986cf49819ccd843eb16dd756e,3.8947368421052633
fbb136d36b9ce828629b927a67a55dde,3.8947368421052633
cd993893ad127f4d58bf72f40fa3e195,3.8947368421052633
2588a3249b6a038602a5babce8670e48,3.8947368421052633
71247251245484eb4d067369ab105e0d,3.8947368421052633
b188e7e4365436b7a161a87e4e9d0434,3.8947368421052633
0fa6f8d005b0aa79f563827c46934e9c,3.8947368421052633
a8e1bb31ac5baa20c2fb8ca51bef452a,3.8947368421052633
20acffb328a637a7a3e785a6822b753c,3.892857142857143
d004ae00e8f08a962e05fd6ac116ceef,3.892857142857143
c3970d31d1c5726efe107d17617095ad,3.888888888888889
4e90a4d3cdefa6371d3860338efe6fb5,3.888888888888889
5211b96db27c44c689697633aedd9d8f,3.888888888888889
7dd09ef3f18c861d4070aea95faa59fe,3.888888888888889
5394fb1ed0da518474a95c0d9e321c3f,3.888888888888889
f6cce23bb752643f791eac91bea21afd,3.888888888888889
ef14c747619f11f78e912ec48ebef9b9,3.888888888888889
56f8b4d451745520243cb7575b83e6d2,3.888888888888889
d5ab5ab57ead20ef451458f0d9b9f334,3.888888888888889
822b8b39d2a097ef5b49e191edead725,3.888888888888889
038ab8c1c2852837fa237aadb4437bd7,3.8846153846153846
2cd2689a6a6bc6054852d7ea0446d5f1,3.8846153846153846
a0dac63b7903ed223c6b4dfbcab7c7ef,3.8846153846153846
a0ab628ce27a6409c3242a95c9258a86,3.8846153846153846
85ad3b55d9a9b520e3f1d0650d89669c,3.8823529411764706
f1ef248d700e8537011a6ee7569b14a3,3.8823529411764706
e8738cc5fa38ce30a5e85680d904a1d5,3.88
a79c47d70aecdac98c6d534a755b1c13,3.88
d49b8528e58ab4abbedffa79c65e70fb,3.88
63f3272a7f23837e593619e7b24dcaab,3.88
6034c81f4d8ff27a486c5ad374035933,3.88
cd3c870a37ea930c85b411ccb6728487,3.88
6eb07ff27df4d93b0f035d14f77dd847,3.875
14a68287670869849f5e49304946a71c,3.875
d82825d34954f8665135e77e299a51ac,3.875
12bb94c4c090d4e61a64da1a1f7150a5,3.875
4ebde0a8cc8be5d04d968d09388fa1ad,3.875
834ba6c95eb95dccec55c3a4e00ebeef,3.875
c6c9a8430ce68826aa8a711477992a59,3.870967741935484
730d14c433ec3368cf922e2c29dd9747,3.870967741935484
de7b042d3804f2868d161c8de9a9bf4f,3.869565217391304
134890587d487e794a0c34d0082fbafd,3.869565217391304
b71bdd5173b0152d364acaf91d32e404,3.869565217391304
40efdaf68e45d53feff426becc49d500,3.869565217391304
6803c30737cf1180460b08ce4ed041f8,3.869565217391304
7e074b60a4b1cbad0a31b8b6fd20f83d,3.869565217391304
1d9c2530521be6a5d5c60cf913241278,3.8666666666666667
46a53a08f8f9fe8d64e902b730ac3e6f,3.8666666666666667
a71f412b0522dcc677028014daace0bf,3.8666666666666667
dd369933d82bd52265fce6e3e59ad724,3.8666666666666667
a79e357154c7b0c19e8c233447537b22,3.8666666666666667
2554793c4e0b4c9a2c036715d0db8817,3.8666666666666667
881eb2a9178f536ea62b7cf05a280de3,3.8636363636363638
cce880fdad734d303b894e7591e38253,3.8620689655172415
a394367733f01236ec84f57e72ce8a25,3.8620689655172415
3cdfc095fe0396f2a9959881109388f9,3.857142857142857
3a2acf54b5676421957644b18af9cecb,3.857142857142857
8fa2837d54b2eecb41e74abb25467112,3.857142857142857
110e64bf55fb8cbf20b0b7f3b716461c,3.857142857142857
22ff61147247b42d24aef44b84eca6b3,3.857142857142857
7c7ff0c2f7a7b1639a8b9960d3f72b52,3.8518518518518516
cabf2f4f5183a11a7ae71bf31d2f17ef,3.8518518518518516
73630ef2c4649da09b74ca02dea42861,3.85
63af467039399ad71835ff27be09d13d,3.84375
917f29ad11a0a04237ce80ef4b4e8df3,3.8421052631578947
7bbab04b2bd8557b6c3ecfca3bcbc9a5,3.8421052631578947
aea96b68b4a2bc9b771ba61b901d8773,3.8421052631578947
c91a4d0c76922b0c80860dbdac3ddb29,3.8421052631578947
1b206ba1b932da8a3f4e04e3ebe5999e,3.84
e321c7c8fef01534e1b52dbe33a574cc,3.84
9f2d55980d97f5406308301ad7c0a2c1,3.8333333333333335
a215f5e0297b85a091a56e95be68683c,3.8333333333333335
3046136b5da05f95ced7931b2ade9c38,3.8333333333333335
06a0df1ae98a70c8290b047a83fde31e,3.8333333333333335
1376a2111d5cfd0441be0a559bbadfdb,3.8333333333333335
6ce2815908358516bb403304f9bc8376,3.8333333333333335
e519047bd67dda2e7b50b1bdd8198b72,3.8333333333333335
62ab95ba0a7e53e9b0c5cab7d4ffc1ad,3.8333333333333335
058d24b743b708712ba0dfc89d18914b,3.8275862068965516
77480e4ec098343d899800159faa9e6a,3.8260869565217392
cb63dad0fb6a7370b29817a62f64eed3,3.8260869565217392
8a74876e6f0f8de52043792429c283e2,3.8260869565217392
03720db1f6afaefb968a17e6af019d4b,3.8260869565217392
f4a60b9637f850800cb6089ed03316ee,3.8260869565217392
3ffddb4a8cb43bf3ea6a66d0b3faab0a,3.8260869565217392
cd34a093528c5173f4cad902ad50f8e3,3.825
78a9195aaf086e7e49c5fd3ef28b944e,3.823529411764706
60dd07f26e70f1308221bb75a5c0dd71,3.823529411764706
25818987ecbb14d6cc13dfe4568eb9c1,3.823529411764706
abbf8a576036cc0098c22ba6993dddc7,3.823529411764706
c3c325f0124e8c6434c5c7c9abf55796,3.823529411764706
4b01600570e2cce559c2cc267b12676d,3.8214285714285716
30475828daac4a236b57032191ba00ed,3.8214285714285716
f9b71504fbfb7631425aae08614c1430,3.8181818181818183
3b528afe414f35b604c4cdaf2c0e711d,3.8181818181818183
d9204c14e25be33f9976450a9c3771c3,3.8181818181818183
607ece1bdd245852d9d3e44854030663,3.8181818181818183
27bfcbba280edefe424301117ada652f,3.8181818181818183
7260cecafa263d0fffbbd2691f6e6cfa,3.8181818181818183
3c54d41017bc67f4c2363b8e247e7b3b,3.8181818181818183
984a37f1bfe0c5d080bf7e2087287e29,3.814814814814815
01c1558a1773f7bab54e0403ac658d98,3.8125
ec156cf59668349440875f8071135fee,3.8095238095238093
2a5395283f9476a304b79598931e31e2,3.8095238095238093
0bb649e9f4bbcc77efa1311db623ee83,3.8095238095238093
9877ce3acd31e0506f2e1ebb95f1736a,3.8095238095238093
4edfd97b16fde5c14e117a88f9c96db6,3.8076923076923075
92c63dc4c3301b1bec3665fa2e2fff4b,3.8076923076923075
b26225e1ac436d88df5b01ee91551637,3.8
5291ad787eda695a69ddd7b0dcdde5e3,3.8
a9d0da6e946199d3cba2c0dcd3cde299,3.8
0a26e632babe88fbef3638d1be2db066,3.8
dc7cd837f442ea85a5124e9235a08bc4,3.8
041f6182d8a1bde42d53f752be212012,3.8
0382cdb8cf07602a164b0719c21de3ee,3.8
bd5ba66a23201bec0032bc5375479a9d,3.8
4d5fb0250adbda6b9d32cb6337f6f7f6,3.8
3128eb9b922a910f0315c379cc91f993,3.8
a52c59ef86e5efed1d132caa85aaac36,3.793103448275862
33db0e42c9573530aaddf4dfa6f16035,3.793103448275862
38d6190bce4142cb0694bdaba4a0c401,3.793103448275862
f13cc8f6a918740a027a8bc92803b3f9,3.793103448275862
7d2782586e304879202bd19f2fe7182b,3.793103448275862
4ffc5194b8d1d51521e3e872349ec4f4,3.7916666666666665
98c2ec0c5f46fe36c4abafb86e3bb93d,3.7916666666666665
9851cee1097231ceb5937510dfd3b7ab,3.7916666666666665
84333a53e77c30d1e9e1f4aa47d636fa,3.7916666666666665
1ba867203e868daad7c757bf4527960b,3.7916666666666665
a08f8a40e89f621599855e292c2273c4,3.7916666666666665
f4d8ece44749b8be963ab7fa746a02c0,3.7916666666666665
15e06c413eb9a0cce3926a6334c15062,3.789473684210526
ac7a33bc0c87a4e2b8f880871101b8a5,3.789473684210526
8883aca45ff272f9e0f88063669c184e,3.787878787878788
6f247cdd2fa39bae9967d73ddbd93de5,3.7857142857142856
4bb586be84d58a1ae2482aa2fed22c3b,3.7857142857142856
ad68400fc53e33256fea77d7d950079d,3.7857142857142856
d8d9e9fcdf19f11428430e4e50c6c3b4,3.782608695652174
553b63c906a325cb865a193a59ef71e9,3.782608695652174
dc71e5d8c4c2e102574077c88327f768,3.782608695652174
a18272545e1f2dcfc095e5a58ab630b0,3.782608695652174
be4ac77b02e0042f2a3c60304525de87,3.7777777777777777
9988afd4f0563bc08c8ff9fdd0d84a70,3.7777777777777777
d5f9cf67276ac25e7a6b4f032d9a9a6e,3.7777777777777777
96ff52f6e1fd7c744dda95d0ac1f0695,3.7777777777777777
8b518d65bda5f289d0ba3b3f58667fd8,3.7777777777777777
99998f5fb8cd95711cb69a077b3184e1,3.7777777777777777
277e4b4bbb68eacf1c1ccb3b8aeccd78,3.7777777777777777
68147a2094ae59a380dd445c619f0cde,3.7777777777777777
36afab7178e784811339b37e5d06fbe4,3.774193548387097
dd501996b3a063c6b7cc7aac32e569cf,3.772727272727273
0ca29f680b84bf0e4e759bce0ff9de54,3.772727272727273
8ab2f60edff6150e83aa89c2978db578,3.772727272727273
0409099b7523f63b13854b475e8d2555,3.772727272727273
3b3e6e902b95522ec2315dd1f7e32da2,3.769230769230769
eb9f6820866043acb16b20efd8877f90,3.769230769230769
5f29ccc5fd81475455939947cec8b802,3.7666666666666666
761ed4f245e4af2ee7582288cfaa12a8,3.7666666666666666
463aa699f1139659219b1f34ed90f8de,3.764705882352941
f16227cf8773d6b909165e8db84805e9,3.764705882352941
faff5d9a2ca64b5b01971e18e5f0c42a,3.764705882352941
e4602c72d0580c881b9c29fdc43c8356,3.764705882352941
f5063cd5e28f08d18d9e3a70b485bca7,3.761904761904762
7175ee69f5cc6538297208a216c88245,3.761904761904762
135f455a10c87eaeebd2a35dd7235da3,3.761904761904762
e81932626b1d5b916a47eb5bb935a074,3.76
fdefeeaf5c6fc3371462a37180300ac5,3.7586206896551726
cfe1e175466595042f9621d222e57021,3.7586206896551726
4f9b6fee5b87e5c52374059ce2bfe94e,3.75
e67fa8b6dba55bbefc6fdcdcfb3e9ab6,3.75
6e1f07a616577720335d038e9c3ed50f,3.75
50b03231cfcd0b9540d2bd5834bd86a6,3.75
851de9c8e3dfffbfe06cd6cb00c8dacf,3.75
e8407b109efebcd4745b08e78e95c481,3.75
36070bc4c4f0d27f8bc98e4610de8aa4,3.75
6529d5862a76bb8b3a53c9d6edd7fd91,3.75
94198c26fb129b03e3e44df956e60ac6,3.75
c4f9c8515b2600227848cb72aa645fbf,3.7419354838709675
62b07da954bd0b3bc77bacdbbd006196,3.740740740740741
160e48df5aacdd41ec9df520495bbfb2,3.740740740740741
8a2515179bb3d816238e9cdc80703a59,3.740740740740741
370e005a060db671913757020429b94b,3.739130434782609
6a0ebdb61879cbf052bc7df7f3c06716,3.739130434782609
950b984e5f3d987fa38849a1729b9a38,3.736842105263158
f053adf7d614ed3b3b98ec0a7579bee0,3.7333333333333334
5526062353444889519aad3dad381412,3.7333333333333334
2ffad8f2b675b5496740c97341b5fa26,3.7333333333333334
741031803e864478c08d14e97f72ff1d,3.730769230769231
83da432b3aac1d72a85379bb4fa92458,3.730769230769231
3b225b9baac916b65be992255abda912,3.730769230769231
15375463abd8d6f347003d81ee838e9f,3.727272727272727
0610ef42dbdc573d891937f2a56a322d,3.727272727272727
2d118033468eec5eea53c0610070a01c,3.727272727272727
caf020107d15d4810a7651a5d2a150ab,3.7222222222222223
6735c403f8330bab0a67f44271a55a39,3.7222222222222223
a4389135e417fab3c955bdd0ee1f76d5,3.72
9492ad879c36ed078c4963c844bc2758,3.72
d2aa58622cb3f997f3e36112b1d0ba61,3.72
d2e9bc8b8e326da45243d4fe19f42faa,3.7142857142857144
481123f9f83b71f4bc546c3bfedcc8da,3.7142857142857144
4f36b25b2883f87ab5c363526bcce79e,3.7142857142857144
c4413d3fa3a907e097d511b9cc745f52,3.7142857142857144
d87f5c78440c1b0ec7a6d21b2429f7b7,3.7083333333333335
f8f89ad27f802655adc7cd4508dbcabc,3.7083333333333335
807022551f37f0f4e975c8dcbb3f9f19,3.7058823529411766
3b88ddea288fb9c5a32ed4b242aac372,3.7
0b96313dc906f1aaf16ea34b15fbed81,3.7
54730af816b580fafa8e919763c1b613,3.7
ab8a5c985302c43f7ab7f81ad6e42b2f,3.7
bc4ab064071b57ed977f58d41a013859,3.7
a509783f16dfb21c5821a805d37105e7,3.6956521739130435
77cb15c8c2f52b9dc3b10d568956b1d1,3.6944444444444446
2d3faf6a963dc7510907c91846a62b94,3.6923076923076925
632866e654446ecba3b5e8fa9da39d2e,3.6923076923076925
24e528224e57c8d5a613f650905c32e1,3.6923076923076925
efd2ae502de006c1c5e26d989d7ce8e1,3.6923076923076925
02b416de89753cef658b7791c2fab6e5,3.689655172413793
33aa7c9b6ab714fef35953dfa8208a68,3.6842105263157894
acf5c22423110933e6bffa2d272051eb,3.6818181818181817
4481006bf0049fc951c4a9a46e7963a7,3.68
a8e28567735ac718fdd811b4e51cbdf9,3.68
94768033b10dcfc43b7ef6bbe5401230,3.68
46f7e0a0e80076af4b6cb7e552f14ad0,3.68
f932df595910627bafc733e5154196fe,3.6785714285714284
f1e42ed44e3ed50eab2971256d619d94,3.6785714285714284
f97c455a7e03cf5001ffbada7bd8496b,3.676470588235294
d117f24446e002a3faedb16e45452042,3.6666666666666665
8d250deddc74c4da96e87ce86114a11d,3.6666666666666665
7f301db7236e71e3ede0b5aa85bd7b65,3.6666666666666665
392e5b6dee6325a189c6e32e04d8573a,3.6666666666666665
0f080ea4338feeaf8f2151bf35149be7,3.6666666666666665
7597d6b5f5c6f81cd715b1afcbfe89ea,3.6666666666666665
0b0ee7faed58d569232feb9de5c701a0,3.6666666666666665
e28018d2a2e47548738430ea08ee43c3,3.6666666666666665
d01b1eddfe4feba167870580e75e3d9e,3.65625
4749783fb5f01b7868d96d084524e2fe,3.652173913043478
d501adf1431d32ab66447e9c9ac5e30d,3.652173913043478
2f3f3adeb091f289f7f4fc37c9b550e6,3.652173913043478
f0242412d392f6a035977bed97f6e33c,3.652173913043478
7e8cf0f025b2e47f4a39fe8a1ebff98a,3.65
3d2d01b8059406b9078d7211cf290c67,3.6470588235294117
3c997ded13413c33130a1bf29f66153f,3.6470588235294117
bdb377ce8cd5e9075f98ef42cba1b493,3.6470588235294117
bab0dedd21def4941e4cc4beb8d43c6e,3.6470588235294117
a24dcf22090a670625781ef4558b6f35,3.6470588235294117
4db7e59befaf2e296fa9329cde4da1c8,3.6451612903225805
15f21a9f0e79b29fe21dea149cdfb0f2,3.64
2cce0b4d1fe26288fc3f44ac1aad1764,3.64
0c6bf519ac3f5a504f45dbc7afab1584,3.6363636363636362
8307523d7c4666b3ec9dd56a6b04e838,3.6363636363636362
34fa1407239ee01f686e76c3b635c164,3.6363636363636362
33052f8aba49cf05e94804d066b0f83d,3.6363636363636362
be6254e85101712c5427d4716c23bd99,3.6363636363636362
6c44cc7ea2b078760a9b9fe94da88c2f,3.6363636363636362
001cf3148384141d102b66b83b046fc0,3.6333333333333333
8c4c55cf9a6896f6d8d0c07e90de79ca,3.6333333333333333
2f79f27cd69960c37074b5a971899fbf,3.6315789473684212
085cdfd8598e5d28aaaf57dad5418920,3.6315789473684212
b375d923d540613771ed8b324b919be6,3.6296296296296298
33a20366876f35acd9ce67bd528d8037,3.625
5dde981e6f0c5ebeccdf1ffda88dad61,3.625
2aacce3c70735d48e4f134f9c631c4ed,3.625
4c5026ae6834415451313291b1043798,3.625
77c080836d0200f7d7d216b77f856500,3.6206896551724137
100bd815d14a47db111e1f24b3bab3cd,3.6206896551724137
2f4061490cbbbbf00aacf8c8e2522170,3.619047619047619
7900bb19593bb1450fd52823a3961fa6,3.619047619047619
81de67c1ae8e9c23019711771bcf6837,3.6153846153846154
3d14fe4da6d28fbcd43f18846c5fef97,3.6153846153846154
093c4f0554211a0a8816d70e15f52732,3.611111111111111
39ee8e6befd13bcc406f6f8034509aa2,3.611111111111111
41c3b1ec750709bf2530165ec19e821b,3.608695652173913
15eebbe5c77a355bf0a0ef1896ef1022,3.608695652173913
5d07cc401af3b268cb04732f3b5ad778,3.608695652173913
189abb041d6ca2ae15f9d095ce8da23b,3.608695652173913
63091ff45b754a4338470a78314be3d7,3.607142857142857
3e7ce3c9748b484cb20540a519d9520a,3.607142857142857
36c4466d03cb3d2c3ccc84023517b7ee,3.607142857142857
7932c1ada9501f932628a9ccc8848d16,3.604651162790698
2d1daf65e4c0ed2ee026e9dab386182d,3.6
7163a50ce874566e24c1bf6d4a3e84c0,3.6
2051cdf2093e245fcd141050cac4e8c2,3.6
ffeeed6f2b93e58933e24d941636bb23,3.6
bd3b8a5a18a27f28f8bc0da433e3b659,3.6
f8fe5ea3a00a6e25e7c6b203b4c3e9f8,3.6
190d0cbf5e67f4d7c4d9404dd7a5a144,3.6
04a59ff122692612f18f0c1c5245b766,3.6
c1e9e71a49ad1c15f8e2f0b1ce670884,3.6
b9df7603af7ab55353a11aff1538d15f,3.5925925925925926
bf349b66f2ad9fb3c4a5b22350941eee,3.5925925925925926
5a9538762ceec5bb411f724d8fd91d4c,3.588235294117647
bd07b9554924ff95982d22a23050053e,3.586206896551724
85dbbe78b9cbe94e31a1a78e71b0fd7c,3.5833333333333335
224c2ef239eca6a7f8bd42c87ae4d38c,3.5833333333333335
df29c42f990d4f10707e554bc769474f,3.5789473684210527
3b5bd28eea51bb01ee1c56958ff8f5db,3.5789473684210527
7de79049cc445e7c98e5bf388023bc22,3.576923076923077
2b6b90c4d709a1d495d8296d9f864c7b,3.5714285714285716
512c0252257f57408e08372a6507cd49,3.5714285714285716
50c069b1b0a3fe67131b4e0ca6b83957,3.5714285714285716
af2f7b1cb6ffc3cb3a59837781500f85,3.5714285714285716
50ae30bde16446da212a9f17998594d3,3.5714285714285716
d68dfb37563a0fe6b6731b8b389fc6c7,3.5652173913043477
992706e89351d03945757c52c9e917e2,3.5652173913043477
df72b338d58aac1f387ff56b9457b230,3.5652173913043477
1f28b1be147ac8827cdfa535b25a528d,3.5625
033bbe21a600a86f1cda2a3a49a7c7ef,3.5625
8fbfa39dcddddb745793647b4cdc70a9,3.56
111bb83f60a95fe8a03b5d676bab43a3,3.56
a8465036e31627b9a995bcab16c20c3b,3.5555555555555554
b52d613e14c03c12fafec18981bb8f3a,3.5555555555555554
bb74c3fb0605e37a15033210edca9bd7,3.5517241379310347
6c408935573b768c17936136384a3afe,3.5517241379310347
04533af6e0633214d3918f6dcf9c3b69,3.55
86d1d8116b8a799cb8bd59f0ae203bff,3.55
d7de68d363114679fc311ff1fa78c7e4,3.55
90082ae947f4c9b97b4d1e3aa2da7c16,3.55
ba7bab1ff54aadf52023409851de6c29,3.55
f88f9e54245975fb0d5923fb53c3fe09,3.55
d6a91260e4bb5ed7566cbd0d336fa058,3.55
bcc60a663c303481d263a0dd12aeca4e,3.55
c1d1d153f1e241531ed31d72a0ac0c3c,3.5454545454545454
b99d46ed831a268f721039ac8c46b1e4,3.5384615384615383
f00a6d8a4af75663c38af5c1537ad2a7,3.5384615384615383
973d8ef7afaee636b0d627b7297107f4,3.5357142857142856
b52fdff11c45ce6d4f9bfe9e3cd8c567,3.533333333333333
e625a4a8c7e4b1569e0fb0db511150c8,3.5294117647058822
a46f7a7ab0cbf602e6299c235904de46,3.5294117647058822
38e153e881c685dc6b199f7ee2e00973,3.5238095238095237
cc60bdbd57aa60f0bdd74058d49ea677,3.5238095238095237
fc76c5cf4f42a147685f9f611d236936,3.5238095238095237
42bebf97b5e61b611e218de9f8f6c12e,3.5238095238095237
2473715aa04d433727680681c350641c,3.5217391304347827
a04c49408b8e83d7f58100d514f6da43,3.52
58035e0d023f409f21043815af699785,3.52
f653b2cf0462d4ece42db485f002cc2d,3.52
4c58c0c88d5bc362569a9747007ddf5c,3.5185185185185186
598365a4447e6f93def4bc782e1cdf72,3.5185185185185186
ac6be48327c7e961f9d132b1ab833ccc,3.5185185185185186
df1ba1c63976140c95f09bb81f67cad8,3.5172413793103448
f177aac93c8fe7ae044ab9ddf320e3a3,3.5
61262f9a60415b7fb07a40ad152edee8,3.5
ee23d5bd0f1caa8a1cdf7a73d5b9cb6a,3.5
86f4c4e56ced98755e5e3958c11b38ac,3.5
8833b58da6b84ca9e0f5dcc567e4a41f,3.5
7338a30a7be88f37294bdda99f29415a,3.5
72b772fd780e4c4df62285682c2f9c99,3.5
381e8a95736c1b015a607dc97eb1f66e,3.5
30c9e2328fd4f4bfecc6765770bf2b19,3.5
9734f8934c76fc5ae8db299228686b63,3.5
e4910da4bb852d71ca4a2441c60c57e4,3.5
a698e6b2466c63ecba60f19924e7dc0e,3.5
ae97365be037fe0c57d68623d3d3be95,3.5
c3485473c6d1b1ee62b25f653b3b61de,3.5
c3b5f2c01dd15cee3e0af5cdad25296b,3.5
c5db1429250dbbbc001dc9628c889b39,3.5
db732c2dd7670d6b1fc47ceba5e7f15e,3.5
5846ecdbc611bdcfef22c30fa82c7bda,3.4827586206896552
7c922ade26b26ec80af63a387170942e,3.4814814814814814
f1c154dd5adb9db02ae94a64da19d08e,3.473684210526316
667b879efb803388e70d42cd004db243,3.4705882352941178
d7d6ceff5b54899e6e9826d066dbc7a4,3.4545454545454546
ce2941d07767b1d245d9da8f7cedf8c9,3.4516129032258065
4d2eebe15ee9987126d067fbb1dd2c32,3.4482758620689653
030ccbe15ae55befab84119cce2cc26b,3.4482758620689653
a0dec61e0d7332a910b795f1a241dd2e,3.4444444444444446
26de517ad7d8aa6125600ac0664dc778,3.44
ba95179c77289bde45e6ed400c149ca5,3.44
177f345520998034de8b4f6a1f419150,3.4375
bdcf7b21da0ff990022faa9d199e8d14,3.4347826086956523
5606365a0b1c5662b4ad708d40561fa2,3.4285714285714284
099e53a2bf4143c7e412cd40cc29245b,3.4285714285714284
2b9f069999d7a325a334c4eb078236ae,3.423076923076923
6cf8b5e7f29847916f1b5a2eb2a1741a,3.413793103448276
ba3e1fbfef735be2ca81cf164d2d7599,3.413793103448276
3b8752106990d52f4a12032139a54341,3.411764705882353
bf4e44abece72a5804a937d37003d4eb,3.411764705882353
2872ae9ad0ef117631bd7082ee7abb9b,3.411764705882353
917f1b055e08435313006afa61d03e5d,3.4074074074074074
5cdebcc0d7e01e4a2a73b24e39845d51,3.4
ef75424970349f2c77ad117a602e3e39,3.4
27c391c6fe41450e11077feae6fe2ea2,3.4
3eeaae21b0e89dd9b17ae939089f7ff9,3.391304347826087
60350ceb76bc17ee64a557e8c0cb6cae,3.391304347826087
3b5bd448d32884cd9ceb9091bedf65d9,3.391304347826087
68fb8a8e679c6825e9109f11ecf766b8,3.391304347826087
74befd7f405b71f2d865ca0eda53d7b2,3.391304347826087
ee20fbf100bdc3b5cf4f58aa8e93a66b,3.388888888888889
2aa2812bd289085a9f4995540e517f1b,3.388888888888889
97e2dc44525b548e96c8dd538bbec9a2,3.380952380952381
14aae9532d655b407832111fecbefb0d,3.380952380952381
88df68919932fbaf7a6265da7b2af3a3,3.3793103448275863
1884935245d0b3335825ce6c02d2eba9,3.375
d4bd6477c9add255124ffae0dcc7a205,3.375
85cc76aa1d0a429cdf01c0692351e635,3.375
2b03a1c13eedba19bc3a83fee4932eb5,3.3684210526315788
eefe731df314c4ee68d815492bb7f574,3.3684210526315788
6b0e2cdb7ee06b6d3055caa85b1108e8,3.3684210526315788
405678e56edf13c1d59b6e1ace03f05c,3.3666666666666667
107aa679bb55861b1957356f002b2a64,3.3636363636363638
26aec8baaddf47ffafff08817917d2e6,3.3636363636363638
181befdcdb924f7a54e4e75b9d9c4544,3.36
54b8c5039e97627f35a9185dc7d0183b,3.35
862d3ac24bcef2c5a5f1a6fd361878ac,3.35
c2ad5b3e7b9dc003a9ed8f72da45d31d,3.3333333333333335
35346734d3e82dd24d8086068bc7d066,3.3333333333333335
bbde81362a62afbbecdae957e842efd4,3.3225806451612905
168e6c74b94dc3c50a541369da51e64d,3.32
0ea742b6096ae2d74df3aac01a181261,3.3181818181818183
fa0ca0b44aab6a486c0913e4673dc948,3.3
74d9d076f66e8c6b9278736f695db3d4,3.2916666666666665
c8a74825185a7cc30b820073f4c2cd2b,3.2777777777777777
2948a8e3a53351f997b04503a3c5997d,3.2666666666666666
00780f496ff2f95481d73ecf6032e994,3.263157894736842
0bcfe063813725e1ab00b7712bb4cb55,3.263157894736842
caa8f6abf93fc7eeca399c3b2ada1f73,3.259259259259259
bb0a0305b0baefbe9fa2da7105e39a03,3.2580645161290325
cf04d1cc1ec8308ef445950ea9c2e927,3.25
6e2ed4a770fe819315d2b1a194001688,3.25
2e033580725934158c98532a6bb22194,3.227272727272727
4a5c3368db446957ce9524d7860fe6cb,3.2142857142857144
abc997e386d1f27d6ee38afba6b7e523,3.2
cfd1812933cd9e628ac02517c6a0d27b,3.1923076923076925
25a023b07b7fbcfa362f9144e7158a3f,3.1818181818181817
274c0659cc7cdd9754d6a2eb833e3658,3.1724137931034484
dc4cc78a1451c2a04e956e6fc083674a,3.1666666666666665
81e91ab2a7a30faa53818ecfd0ffd90d,3.12
228ec1c07a8e2a52370151bb40f791fd,3.1176470588235294
0ae1688a72e486e94cf0f08e7a37a54f,3.1052631578947367
53ce47e20caabdae239521f92974f98a,3.0526315789473686
4320cc855ccb69cd6bd6aac60258d7a0,3.05
c28b54040d9d46bbd7aa052f05f0f154,3.0
6b384f4c333e745040e89c2f0fc77222,3.0
41b85590751712d30dac2f4efc02e3ca,2.962962962962963
40042974cdca80dbb5969329baf6d3ea,2.611111111111111
